,Time,DFF,CPIAUCSL,CPILFESL,UNRATE,WTISPLC,INDPRO,MABMM301USM189S,A576RC1
0,1960-01-01,3.99,1.24095,2.00669,5.2,2.97,10.03675,,7.05509
1,1960-02-01,3.97,1.41379,2.34114,4.8,2.97,6.96284,,6.78233
2,1960-03-01,3.84,1.51881,2.0,5.4,2.97,4.49722,,5.93518
3,1960-04-01,3.92,1.93237,2.0,5.2,2.97,1.50636,,5.56845
4,1960-05-01,3.85,1.82507,1.66113,5.1,2.97,-0.11438,,4.94632
5,1960-06-01,3.32,1.71762,1.65563,5.4,2.97,-1.48232,,4.26992
6,1960-07-01,3.23,1.37221,1.3245,5.5,2.97,0.58441,,4.69287
7,1960-08-01,2.98,1.47361,1.3245,5.6,2.97,3.9902,,5.22675
8,1960-09-01,2.6,1.23077,0.9901,5.5,2.97,3.02637,,5.14593
9,1960-10-01,2.47,1.36286,1.31579,6.1,2.97,3.65858,,5.28533
10,1960-11-01,2.44,1.46508,1.31579,6.1,2.97,1.57575,,3.98936
11,1960-12-01,1.98,1.36008,0.65574,6.6,2.97,-6.16437,,1.49589
12,1961-01-01,1.45,1.60027,0.98361,6.6,2.97,-8.45377,5.33199,1.22177
13,1961-02-01,2.54,1.46209,0.65359,6.9,2.97,-7.74411,6.06568,0.96012
14,1961-03-01,2.02,1.46209,0.98039,6.9,2.97,-6.34204,6.34815,1.17951
15,1961-04-01,1.49,0.91401,0.98039,7.0,2.97,-3.65304,6.5978,0.91575
16,1961-05-01,1.98,0.91309,0.98039,7.1,2.97,-2.057,7.07876,1.35185
17,1961-06-01,1.73,0.77676,0.9772,6.9,2.97,0.579,7.27754,2.34004
18,1961-07-01,1.17,1.25212,1.30719,7.0,2.97,2.09045,7.07004,2.47813
19,1961-08-01,2.0,1.11449,1.63399,6.6,2.97,3.13975,6.74487,3.21402
20,1961-09-01,1.88,1.24958,1.63399,6.7,2.97,4.11316,6.84176,3.36012
21,1961-10-01,2.26,0.77311,0.97403,6.5,2.97,6.23505,6.979,3.96508
22,1961-11-01,2.61,0.67159,1.2987,6.1,2.97,9.42739,7.23705,5.55353
23,1961-12-01,2.33,0.67092,1.62866,6.0,2.97,12.53008,7.39437,7.03758
24,1962-01-01,2.15,0.67024,1.2987,5.8,2.97,11.42185,7.44986,6.3643
25,1962-02-01,2.37,0.90483,1.2987,5.5,2.97,13.382,7.45656,7.20556
26,1962-03-01,2.85,1.1059,1.2945,5.6,2.97,13.30111,7.79139,7.79599
27,1962-04-01,2.78,1.34183,1.2945,5.6,2.97,11.25592,8.0025,8.23956
28,1962-05-01,2.36,1.34048,1.61812,5.5,2.97,9.45135,7.85227,7.67844
29,1962-06-01,2.68,1.23995,1.29032,5.5,2.97,7.70998,7.70891,6.93105
30,1962-07-01,2.71,1.00267,1.29032,5.4,2.97,7.50872,7.73956,6.79232
31,1962-08-01,2.93,1.1356,1.28617,5.7,2.97,6.65149,7.69231,6.36943
32,1962-09-01,2.9,1.46765,1.28617,5.6,2.97,7.44895,7.70865,6.9258
33,1962-10-01,2.9,1.33422,1.28617,5.4,2.97,5.53745,7.88281,5.94822
34,1962-11-01,2.94,1.33422,0.96154,5.7,2.97,4.36183,7.91842,5.39979
35,1962-12-01,2.93,1.23292,1.28205,5.5,2.97,3.45954,8.1073,5.16351
36,1963-01-01,2.92,1.33156,0.96154,5.7,2.97,5.12509,8.20741,5.36451
37,1963-02-01,3.0,1.22883,1.28205,5.9,2.97,4.61376,8.17407,5.04947
38,1963-03-01,2.98,1.12695,1.27796,5.7,2.97,4.69608,8.0443,4.62994
39,1963-04-01,2.9,0.89374,1.27796,5.7,2.97,5.43146,8.04631,3.99061
40,1963-05-01,3.0,0.89286,0.95541,5.9,2.97,6.82318,8.23022,4.51958
41,1963-06-01,2.99,1.32406,1.27389,5.6,2.97,7.3718,8.33095,5.17875
42,1963-07-01,3.02,1.55526,1.27389,5.6,2.97,5.92594,8.6374,4.9284
43,1963-08-01,3.49,1.55218,1.26984,5.4,2.97,6.02561,8.73016,5.35595
44,1963-09-01,3.48,0.98619,1.26984,5.5,2.97,6.40746,8.76303,5.3536
45,1963-10-01,3.5,1.21791,1.5873,5.5,2.97,7.0304,8.70661,5.94452
46,1963-11-01,3.48,1.31666,1.5873,5.7,2.97,7.10574,8.81045,5.61576
47,1963-12-01,3.38,1.64582,1.58228,5.5,2.97,6.89673,8.40915,6.15385
48,1964-01-01,3.48,1.64258,2.22222,5.6,2.97,7.05415,8.21468,6.03786
49,1964-02-01,3.48,1.41076,1.89873,5.4,2.97,6.56385,8.07285,6.85287
50,1964-03-01,3.43,1.40937,1.57729,5.4,2.97,5.91199,7.85001,6.81525
51,1964-04-01,3.47,1.54199,1.57729,5.3,2.97,6.66644,7.60782,7.35247
52,1964-05-01,3.5,1.54048,1.57729,5.1,2.97,5.9881,7.47142,7.27098
53,1964-06-01,3.5,1.30676,1.57233,5.2,2.97,5.96985,7.58457,6.9568
54,1964-07-01,3.42,1.07527,1.57233,4.9,2.92,7.09294,7.60955,7.61663
55,1964-08-01,3.5,0.97561,1.25392,5.0,2.92,7.57718,7.76851,7.89391
56,1964-09-01,3.45,1.17188,1.25392,5.1,2.92,6.91038,8.00518,7.71644
57,1964-10-01,3.36,1.20325,1.25,5.1,2.92,4.70579,7.93201,7.01372
58,1964-11-01,3.52,1.39701,1.5625,4.8,2.92,7.41455,7.79055,7.74254
59,1964-12-01,3.85,1.19819,1.24611,5.0,2.92,8.89535,8.01119,8.01727
60,1965-01-01,3.9,1.0989,1.24224,4.9,2.92,9.10869,8.17308,8.00246
61,1965-02-01,3.98,1.19702,1.24224,5.1,2.92,9.04733,8.2495,7.23404
62,1965-03-01,4.05,1.19586,1.24224,4.7,2.92,10.49105,8.35418,7.25733
63,1965-04-01,4.09,1.38934,1.5528,4.8,2.92,9.18564,8.38935,6.9991
64,1965-05-01,4.1,1.61394,1.5528,4.6,2.92,9.41608,8.13953,7.34548
65,1965-06-01,4.05,1.93486,1.23839,4.6,2.92,9.95303,8.10612,7.21711
66,1965-07-01,4.09,1.80529,1.23839,4.4,2.92,10.26119,7.99805,7.2545
67,1965-08-01,4.12,1.61031,1.23839,4.4,2.92,10.00925,7.83745,7.14077
68,1965-09-01,4.02,1.73745,1.54799,4.3,2.92,9.87976,7.81962,7.39662
69,1965-10-01,4.08,1.70308,1.23457,4.2,2.92,12.54678,7.99332,8.91349
70,1965-11-01,4.1,1.73021,1.23077,4.1,2.92,9.62758,7.98578,8.83117
71,1965-12-01,4.32,1.92,1.53846,4.0,2.92,9.69479,8.12338,8.56409
72,1966-01-01,4.42,1.91816,1.22699,4.0,2.92,9.59145,8.07018,8.89142
73,1966-02-01,4.6,2.55754,1.53374,3.8,2.92,9.62064,7.9461,9.41043
74,1966-03-01,4.66,2.77866,1.53374,3.8,2.92,9.66885,7.84857,9.72653
75,1966-04-01,4.67,2.86807,1.83486,3.8,2.92,9.36686,7.78594,10.24705
76,1966-05-01,4.9,2.76366,2.14067,3.9,2.92,9.55269,7.54976,10.01391
77,1966-06-01,5.17,2.43594,2.44648,3.8,2.92,9.22289,7.06658,10.66482
78,1966-07-01,5.3,2.75491,2.75229,3.8,2.92,8.79858,6.32197,10.91559
79,1966-08-01,5.53,3.48653,3.0581,3.8,2.92,8.4245,6.01166,11.00792
80,1966-09-01,5.4,3.57369,3.04878,3.7,2.97,9.15983,5.76196,10.81887
81,1966-10-01,5.53,3.79147,3.65854,3.7,2.97,8.8186,5.10384,10.10965
82,1966-11-01,5.76,3.55906,3.34347,3.6,2.97,7.62232,4.73996,9.70565
83,1966-12-01,5.4,3.3595,3.33333,3.8,2.97,6.54663,4.57317,9.15067
84,1967-01-01,4.94,3.1995,3.63636,3.9,2.97,6.0081,4.24242,9.44779
85,1967-02-01,5.0,2.86783,3.32326,3.8,3.0,4.13059,4.4124,8.36788
86,1967-03-01,4.53,2.54817,3.62538,3.8,3.0,2.14588,4.81592,7.93936
87,1967-04-01,4.05,2.54027,3.3033,3.8,3.0,2.94562,4.8583,7.41024
88,1967-05-01,3.94,2.31839,3.29341,3.8,3.0,1.08534,5.76473,6.87737
89,1967-06-01,3.98,2.84126,3.28358,3.9,3.0,0.59888,6.5365,6.70839
90,1967-07-01,3.79,2.92758,3.27381,3.8,3.0,-0.17661,7.51752,6.37085
91,1967-08-01,3.9,2.60337,3.56083,3.8,3.07,1.65687,8.08295,6.42224
92,1967-09-01,3.99,2.59542,3.5503,3.8,3.07,0.55395,8.26672,6.28823
93,1967-10-01,3.88,2.58752,3.23529,4.0,3.07,0.67554,8.9342,6.04809
94,1967-11-01,4.13,3.10219,3.52941,3.9,3.07,2.82288,9.19757,6.84071
95,1967-12-01,4.51,3.28068,3.81232,3.8,3.07,3.69085,9.2878,7.46808
96,1968-01-01,4.61,3.64742,3.80117,3.7,3.07,3.09308,9.50997,7.34099
97,1968-02-01,4.71,3.63636,4.38596,3.8,3.07,4.64938,9.33828,8.82142
98,1968-03-01,5.05,3.93939,4.37318,3.7,3.07,5.57088,8.88299,9.16448
99,1968-04-01,5.76,3.92749,4.36047,3.5,3.07,4.73611,8.85999,9.38834
100,1968-05-01,6.12,4.22961,4.34783,3.5,3.07,6.84297,8.38697,10.29099
101,1968-06-01,6.07,4.2042,4.62428,3.7,3.07,7.24877,8.08765,10.27445
102,1968-07-01,6.03,4.49102,4.89914,3.7,3.07,7.32862,7.7622,10.58028
103,1968-08-01,6.03,4.47761,4.58453,3.5,3.07,5.60496,7.55677,10.54335
104,1968-09-01,5.78,4.46429,4.85714,3.4,3.07,6.17748,7.5578,11.04972
105,1968-10-01,5.91,4.74777,5.12821,3.4,3.07,5.5287,7.60324,11.22309
106,1968-11-01,5.82,4.42478,5.39773,3.4,3.07,5.38656,7.90483,10.8371
107,1968-12-01,6.02,4.70588,5.08475,3.4,3.07,4.59303,8.00305,10.4685
108,1969-01-01,6.3,4.69208,5.07042,3.4,3.07,5.33904,7.94463,10.33638
109,1969-02-01,6.61,4.67836,5.32213,3.4,3.07,5.63448,7.82428,9.4464
110,1969-03-01,6.79,5.24781,5.58659,3.4,3.25,6.13166,7.72693,9.83428
111,1969-04-01,7.41,5.52326,6.12813,3.4,3.35,5.58808,7.46687,9.88296
112,1969-05-01,8.67,5.50725,5.83333,3.4,3.35,4.02237,6.97718,9.67396
113,1969-06-01,8.9,5.4755,5.8011,3.5,3.35,4.65416,6.61629,9.74261
114,1969-07-01,8.61,5.44413,5.76923,3.5,3.35,5.36834,6.21334,10.01054
115,1969-08-01,9.19,5.42857,6.0274,3.5,3.35,5.31661,5.58791,10.18615
116,1969-09-01,9.15,5.69801,5.99455,3.7,3.35,4.89571,5.14812,9.97098
117,1969-10-01,9.0,5.66572,5.96206,3.7,3.35,4.7183,4.62697,9.84349
118,1969-11-01,8.85,5.9322,5.66038,3.5,3.35,2.40653,4.08962,9.49173
119,1969-12-01,8.97,5.89888,5.91398,3.5,3.35,1.81025,3.72265,9.49675
120,1970-01-01,8.98,6.16246,6.16622,3.9,3.35,-0.67607,3.56578,9.42863
121,1970-02-01,8.98,6.42458,5.85106,4.2,3.35,-1.37236,2.51792,9.35367
122,1970-03-01,7.76,6.09418,6.08466,4.4,3.35,-2.26697,2.24582,8.89418
123,1970-04-01,8.1,6.06061,6.03675,4.6,3.35,-2.15799,2.20601,7.83037
124,1970-05-01,7.95,6.04396,6.29921,4.8,3.35,-1.90124,2.60191,7.31469
125,1970-06-01,7.61,6.01093,6.52742,4.9,3.35,-3.16463,2.88678,6.95871
126,1970-07-01,7.21,5.70652,6.23377,5.0,3.31,-3.43686,3.38223,6.30268
127,1970-08-01,6.62,5.69106,6.20155,5.1,3.31,-3.83016,4.27512,5.6568
128,1970-09-01,6.29,5.66038,6.16967,5.4,3.31,-4.47156,4.99914,4.75024
129,1970-10-01,6.2,5.63003,6.13811,5.5,3.31,-6.40969,5.6565,3.86202
130,1970-11-01,5.6,5.6,6.63265,5.9,3.31,-6.09146,6.09839,3.4862
131,1970-12-01,4.9,5.57029,6.59898,6.1,3.56,-3.67643,6.56574,3.78058
132,1971-01-01,4.14,5.27704,6.31313,5.9,3.56,-1.10412,7.34396,4.7417
133,1971-02-01,3.72,4.72441,6.03015,5.9,3.56,-1.22749,9.32969,4.69897
134,1971-03-01,3.71,4.43864,5.23691,6.0,3.56,-1.20616,10.65895,4.53965
135,1971-04-01,4.16,4.15584,4.9505,5.9,3.56,-0.39525,11.89667,5.4326
136,1971-05-01,4.63,4.40415,5.18519,5.9,3.56,0.22695,12.71344,5.97777
137,1971-06-01,4.91,4.38144,4.90196,5.9,3.56,0.97391,13.07124,5.74484
138,1971-07-01,5.31,4.37018,4.88998,6.0,3.56,0.43414,13.43682,5.44242
139,1971-08-01,5.57,4.35897,4.62287,6.1,3.56,0.0297,13.32452,5.83902
140,1971-09-01,5.55,4.08163,4.11622,6.0,3.56,2.36113,13.3017,6.56829
141,1971-10-01,5.2,3.80711,3.85542,5.8,3.56,5.23228,13.30305,7.18412
142,1971-11-01,4.91,3.53535,3.34928,6.0,3.56,6.32292,13.44389,7.45812
143,1971-12-01,4.14,3.26633,3.09524,6.0,3.56,5.13581,13.3759,8.03571
144,1972-01-01,3.51,3.25815,3.32542,5.8,3.56,6.82765,13.39864,7.80342
145,1972-02-01,3.3,3.7594,3.31754,5.7,3.56,8.13698,13.21373,8.59046
146,1972-03-01,3.83,3.5,3.31754,5.8,3.56,9.00606,12.86352,8.82456
147,1972-04-01,4.17,3.49127,3.30189,5.7,3.56,9.45841,12.15067,8.77863
148,1972-05-01,4.27,3.22581,3.05164,5.7,3.56,8.91898,11.48943,8.3405
149,1972-06-01,4.46,2.96296,2.80374,5.7,3.56,8.74796,11.39673,8.67181
150,1972-07-01,4.55,2.95567,2.7972,5.6,3.56,8.94898,11.75692,8.69937
151,1972-08-01,4.81,2.9484,3.02326,5.6,3.56,11.09591,12.13713,9.06467
152,1972-09-01,4.87,3.18627,3.02326,5.5,3.56,10.16373,12.38989,9.49004
153,1972-10-01,5.05,3.17848,3.01624,5.6,3.56,10.75939,12.67182,10.82856
154,1972-11-01,5.06,3.41463,2.77778,5.3,3.56,11.59342,12.67386,11.23219
155,1972-12-01,5.33,3.40633,3.00231,5.2,3.56,11.56894,12.95227,10.77686
156,1973-01-01,5.94,3.64078,2.52874,4.9,3.56,9.74861,12.90233,10.47386
157,1973-02-01,6.58,3.86473,2.75229,5.0,3.56,10.20237,12.18134,10.47788
158,1973-03-01,7.09,4.83092,3.21101,4.9,3.56,9.48967,11.15201,10.51282
159,1973-04-01,7.12,5.3012,2.96804,5.0,3.56,8.26984,11.01029,10.86124
160,1973-05-01,7.84,5.52885,3.18907,4.9,3.56,8.9737,11.23369,11.07937
161,1973-06-01,8.49,5.9952,3.18182,4.9,3.56,8.81398,11.15113,11.27582
162,1973-07-01,10.4,5.74163,3.1746,4.8,3.56,9.33961,10.13825,11.90252
163,1973-08-01,10.5,7.39857,3.16027,4.8,4.31,7.69892,9.11929,11.29961
164,1973-09-01,10.78,7.36342,3.83747,4.8,4.31,7.71471,7.83759,11.32017
165,1973-10-01,10.01,8.05687,4.27928,4.6,4.31,7.19728,7.07841,10.69746
166,1973-11-01,10.03,8.25472,4.72973,4.8,4.31,6.437,6.92782,11.01733
167,1973-12-01,9.95,8.94118,4.70852,4.9,4.31,4.94614,6.63094,10.54909
168,1974-01-01,9.65,9.60187,5.15695,5.1,10.11,3.50484,6.09651,10.01331
169,1974-02-01,8.97,10.0,5.35714,5.2,10.11,1.72368,6.15404,9.38185
170,1974-03-01,9.35,10.13825,5.77778,5.1,10.11,1.68002,6.72145,9.07773
171,1974-04-01,10.51,10.06865,6.20843,5.1,10.11,1.53162,6.49018,8.86203
172,1974-05-01,11.31,10.70615,7.06402,5.1,10.11,1.66763,5.78133,9.47414
173,1974-06-01,11.93,10.85973,7.92952,5.4,10.11,1.36211,5.34021,9.56633
174,1974-07-01,12.92,11.53846,8.79121,5.5,10.11,1.15964,5.3676,9.16116
175,1974-08-01,12.01,10.88889,9.84683,5.5,10.11,0.23244,5.40057,9.49518
176,1974-09-01,11.34,11.9469,10.21739,5.9,10.11,-0.53665,5.79054,9.36548
177,1974-10-01,10.06,11.84211,10.58315,6.0,11.16,-1.64002,6.01709,9.19698
178,1974-11-01,9.45,12.20044,10.96774,6.6,11.16,-5.31766,5.85464,7.34456
179,1974-12-01,8.53,12.09503,11.34904,7.2,11.16,-8.44487,5.44711,6.81603
180,1975-01-01,7.13,11.75214,11.51386,8.1,11.16,-9.10545,5.4205,6.54746
181,1975-02-01,6.24,11.20507,11.86441,8.1,11.16,-10.91568,5.77413,5.5845
182,1975-03-01,5.54,10.46025,11.34454,8.6,11.16,-11.90367,6.30962,5.4108
183,1975-04-01,5.49,10.18711,11.27349,8.8,11.16,-11.48482,7.12567,4.83679
184,1975-05-01,5.22,9.25926,10.30928,9.0,11.16,-12.43152,8.38097,4.52943
185,1975-06-01,5.55,9.18367,9.79592,8.8,11.16,-11.70118,9.70608,4.37201
186,1975-07-01,6.1,9.53347,9.09091,8.6,11.16,-10.95795,10.63081,4.41498
187,1975-08-01,6.14,8.61723,7.96813,8.4,11.16,-9.12089,11.19783,5.18519
188,1975-09-01,6.24,7.90514,7.49507,8.4,11.16,-7.96625,11.66798,5.02914
189,1975-10-01,5.82,7.64706,7.03125,8.4,11.16,-7.28142,11.6982,5.32998
190,1975-11-01,5.22,7.37864,6.97674,8.3,11.16,-3.988,12.05208,7.0191
191,1975-12-01,5.2,7.12909,6.73077,8.2,11.16,0.93472,12.64827,7.80895
192,1976-01-01,4.87,6.69216,6.88337,7.9,11.16,3.71284,13.27375,9.16088
193,1976-02-01,4.77,6.27376,6.43939,7.7,12.03,7.21089,13.80593,10.33785
194,1976-03-01,4.84,6.06061,6.60377,7.6,12.1,8.62359,13.51351,10.55619
195,1976-04-01,4.82,5.84906,6.37899,7.7,12.17,8.98221,13.44241,11.37023
196,1976-05-01,5.29,6.21469,6.54206,7.4,12.17,9.73029,13.10265,11.25125
197,1976-06-01,5.48,5.98131,6.3197,7.6,12.17,9.16432,11.90031,10.76961
198,1976-07-01,5.31,5.55556,6.66667,7.8,12.17,8.63683,11.40396,11.02071
199,1976-08-01,5.29,5.71956,6.82657,7.8,12.17,8.33548,11.75872,10.44196
200,1976-09-01,5.25,5.49451,6.78899,7.6,13.9,7.29982,12.03227,10.37269
201,1976-10-01,5.02,5.46448,6.75182,7.7,13.9,6.82113,12.74805,9.85798
202,1976-11-01,4.95,5.06329,6.34058,7.8,13.9,8.30444,13.04002,10.02127
203,1976-12-01,4.65,5.03597,6.12613,7.8,13.9,7.97981,13.36351,9.98594
204,1977-01-01,4.61,5.19713,6.08229,7.5,13.9,5.84146,13.50088,8.57704
205,1977-02-01,4.68,6.08229,6.22776,7.6,13.9,6.45593,13.19812,9.0367
206,1977-03-01,4.69,6.42857,6.19469,7.4,13.9,7.57926,13.19048,9.52544
207,1977-04-01,4.73,6.95187,6.34921,7.2,13.9,8.068,13.08446,9.76797
208,1977-05-01,5.35,6.73759,6.31579,7.0,13.9,8.47781,12.76933,10.19194
209,1977-06-01,5.39,6.70194,6.64336,7.2,13.9,9.1558,13.01039,10.89729
210,1977-07-01,5.42,6.66667,6.25,6.9,13.9,8.7201,12.92461,11.00378
211,1977-08-01,5.9,6.63176,6.21762,7.0,14.85,8.07203,12.5876,10.55409
212,1977-09-01,6.14,6.42361,6.18557,6.8,14.85,8.17705,12.18941,11.15725
213,1977-10-01,6.47,6.39033,5.98291,6.8,14.85,8.35447,11.46667,11.97175
214,1977-11-01,6.51,6.71256,6.13288,6.8,14.85,6.91979,10.91197,11.54672
215,1977-12-01,6.56,6.67808,6.45161,6.4,14.85,5.95235,10.2691,11.39173
216,1978-01-01,6.7,6.81431,6.40809,6.4,14.85,5.14347,9.82664,11.93442
217,1978-02-01,6.78,6.23946,6.19765,6.3,14.85,4.04612,9.1627,11.71645
218,1978-03-01,6.79,6.37584,6.33333,6.3,14.85,4.73934,8.72528,12.26956
219,1978-04-01,6.89,6.5,6.6335,6.1,14.85,5.78603,8.4028,13.04393
220,1978-05-01,7.36,7.14286,6.76568,6.0,14.85,5.47831,8.39537,12.44779
221,1978-06-01,7.6,7.43802,6.88525,5.9,14.85,5.36094,8.26901,12.79257
222,1978-07-01,7.81,7.73026,7.18954,6.2,14.85,5.13291,7.94,12.89387
223,1978-08-01,8.04,7.85597,7.47967,5.9,14.85,5.46565,7.80113,13.06683
224,1978-09-01,8.45,8.48287,7.9288,6.0,14.85,5.28607,7.9281,12.89815
225,1978-10-01,8.96,8.92857,8.3871,5.8,14.85,5.95169,7.83892,12.90385
226,1978-11-01,9.76,8.87097,8.50722,5.9,14.85,6.56041,7.66001,13.01878
227,1978-12-01,10.03,8.98876,8.45295,6.0,14.85,6.95248,7.53365,13.44112
228,1979-01-01,10.07,9.2504,8.55784,5.9,14.85,7.89943,7.18137,13.78162
229,1979-02-01,10.06,9.84127,9.14826,5.9,15.85,7.85692,7.18009,13.67916
230,1979-03-01,10.09,10.25237,9.40439,5.8,15.85,6.13879,7.39824,13.36859
231,1979-04-01,10.01,10.48513,9.33126,5.8,15.85,2.85611,7.82067,11.50233
232,1979-05-01,10.24,10.69767,9.42813,5.6,18.1,3.25113,7.60778,11.71302
233,1979-06-01,10.29,11.07692,9.35583,5.7,19.1,2.59478,7.92567,11.58318
234,1979-07-01,10.47,11.45038,9.60366,5.7,21.75,2.52404,8.3604,11.59844
235,1979-08-01,10.94,11.83612,9.98487,6.0,26.5,1.43374,8.48144,11.55673
236,1979-09-01,11.43,11.8797,9.89505,5.9,28.5,1.17735,8.11152,11.48555
237,1979-10-01,13.77,12.07154,10.11905,6.0,29.0,1.092,7.99379,10.70723
238,1979-11-01,13.18,12.59259,10.65089,5.9,31.0,0.16527,7.85814,10.80344
239,1979-12-01,13.78,13.25479,11.32353,6.0,32.5,-0.27532,7.88433,10.80283
240,1980-01-01,13.82,13.86861,11.9708,6.3,32.5,0.80735,8.10003,10.45724
241,1980-02-01,14.13,14.16185,11.99422,6.3,37.0,0.34714,8.47728,10.40994
242,1980-03-01,17.19,14.59227,12.60745,6.3,38.0,-0.38028,8.07033,10.21277
243,1980-04-01,17.61,14.58924,13.08677,6.9,39.5,-1.18434,7.13929,10.55301
244,1980-05-01,10.98,14.42577,13.13559,7.5,39.5,-4.45304,7.24011,9.55238
245,1980-06-01,9.47,14.26593,13.60449,7.6,39.5,-5.67287,7.46311,8.95391
246,1980-07-01,9.03,13.15068,12.3783,7.8,39.5,-6.20695,7.71536,8.11433
247,1980-08-01,9.61,12.89009,11.82944,7.7,38.0,-5.29307,7.94276,8.68023
248,1980-09-01,10.87,12.76882,12.00546,7.5,36.0,-3.70654,8.24565,8.70109
249,1980-10-01,12.81,12.63298,12.16216,7.5,36.0,-3.15632,8.51821,9.59404
250,1980-11-01,15.85,12.63158,12.16578,7.5,36.0,-1.38584,8.86145,10.01922
251,1980-12-01,18.9,12.35371,12.15324,7.2,37.0,-0.78537,8.55669,9.86376
252,1981-01-01,19.08,11.79487,11.34289,7.5,38.0,-1.92461,8.37661,10.36022
253,1981-02-01,15.93,11.39241,10.83871,7.4,38.0,-2.36994,8.30322,9.9835
254,1981-03-01,14.7,10.61174,9.92366,7.4,38.0,-1.46138,9.12122,9.77131
255,1981-04-01,15.72,10.13597,9.43396,7.2,38.0,0.08064,10.45134,10.08584
256,1981-05-01,18.52,9.79192,9.61298,7.5,38.0,3.19409,10.0443,10.67358
257,1981-06-01,19.1,9.69697,9.38272,7.5,36.0,5.08046,9.22705,10.88876
258,1981-07-01,19.04,10.77482,11.13861,7.2,36.0,6.51608,8.82562,11.50767
259,1981-08-01,17.82,10.81731,11.56212,7.4,36.0,6.04598,8.50464,11.30939
260,1981-09-01,15.87,10.96544,11.81486,7.6,36.0,3.8004,8.38628,10.57699
261,1981-10-01,15.08,10.27155,10.96386,7.9,35.0,1.70638,8.64462,9.52617
262,1981-11-01,13.31,9.57944,10.2503,8.3,36.0,-1.11438,8.79183,8.54767
263,1981-12-01,12.37,8.91204,9.54064,8.5,35.0,-2.8297,9.73247,7.53031
264,1982-01-01,13.22,8.25688,9.25059,8.6,33.85,-4.2185,10.17487,7.04245
265,1982-02-01,14.78,7.61364,9.19674,8.9,31.56,-1.8586,9.62501,7.08586
266,1982-03-01,14.68,6.88488,8.68056,9.0,28.48,-3.0162,9.15923,6.29058
267,1982-04-01,14.94,6.62177,8.85057,9.3,33.45,-3.48187,8.72107,5.67991
268,1982-05-01,14.45,6.91193,8.65604,9.4,35.93,-4.68612,9.08545,5.99251
269,1982-06-01,14.15,7.18232,8.46501,9.6,35.07,-5.42084,9.32168,5.3742
270,1982-07-01,12.59,6.55738,7.68374,9.8,34.16,-6.35444,8.8947,4.95917
271,1982-08-01,10.12,5.96529,7.05623,9.8,33.95,-7.0698,8.90633,4.21663
272,1982-09-01,10.31,4.94092,5.88235,10.1,35.63,-6.86002,8.93318,3.74293
273,1982-10-01,9.71,5.03212,5.86319,10.4,35.68,-7.02805,8.58985,3.40145
274,1982-11-01,9.2,4.47761,5.18919,10.8,34.15,-6.2469,8.50181,3.15498
275,1982-12-01,8.95,3.82572,4.51613,10.8,31.72,-5.91773,8.56736,3.8526
276,1983-01-01,8.68,3.70763,4.60879,10.4,31.19,-2.16534,10.67555,3.89494
277,1983-02-01,8.51,3.48469,4.47761,10.4,28.95,-4.69543,12.52747,2.99962
278,1983-03-01,8.77,3.59029,4.57934,10.3,28.82,-3.24638,12.80157,3.61461
279,1983-04-01,8.8,4.0,4.11827,10.2,30.61,-1.13653,12.45634,4.33787
280,1983-05-01,8.63,3.44108,3.66876,10.1,30.0,0.17261,12.54269,4.46113
281,1983-06-01,8.98,2.47423,3.22581,10.1,31.0,1.01766,12.45893,5.03715
282,1983-07-01,9.37,2.35897,3.20579,9.4,31.66,2.88948,12.73819,5.65979
283,1983-08-01,9.56,2.4565,3.0896,9.5,31.91,5.0511,12.39974,5.47183
284,1983-09-01,9.45,2.76356,3.39506,9.2,31.11,6.85516,12.09643,6.71469
285,1983-10-01,9.48,2.75229,3.58974,8.8,30.41,8.72081,12.2747,8.32395
286,1983-11-01,9.34,3.16327,4.31655,8.5,29.84,9.55621,12.13569,8.53879
287,1983-12-01,9.47,3.7871,4.73251,8.3,29.24,10.88412,11.41718,8.78412
288,1984-01-01,9.56,4.29009,5.02049,8.0,29.69,11.03918,9.12524,9.24282
289,1984-02-01,9.59,4.69388,4.89796,7.8,30.145,12.21359,8.08293,10.29494
290,1984-03-01,9.91,4.89297,5.09165,7.8,30.761,11.8255,7.93966,10.33657
291,1984-04-01,10.29,4.55466,5.17241,7.7,30.618,11.10605,8.04003,10.88149
292,1984-05-01,10.32,4.33468,5.25784,7.4,30.52,10.99956,7.88018,10.14799
293,1984-06-01,11.06,4.32596,5.34274,7.2,29.967,10.72712,7.86949,10.41842
294,1984-07-01,11.23,4.30862,5.21042,7.5,28.752,9.41963,7.68597,10.26189
295,1984-08-01,11.64,4.2957,5.29471,7.5,29.25,8.25742,7.54098,10.49449
296,1984-09-01,11.3,4.28287,5.27363,7.3,29.311,6.4021,7.7381,10.40089
297,1984-10-01,9.99,4.26587,5.14851,7.4,28.765,5.54754,7.60766,8.75815
298,1984-11-01,9.43,4.1543,4.82759,7.2,28.098,5.43459,8.00549,9.27598
299,1984-12-01,8.38,4.04339,4.91159,7.3,25.429,4.98015,8.61314,9.34649
300,1985-01-01,8.35,3.52595,4.4878,7.3,25.641,2.85256,9.08241,8.32534
301,1985-02-01,8.5,3.60624,4.76654,7.2,27.271,2.69895,9.07701,8.07826
302,1985-03-01,8.58,3.79009,4.74806,7.2,28.238,2.3613,8.7808,8.50543
303,1985-04-01,8.27,3.5818,4.5323,7.3,28.805,1.54627,8.38162,7.13618
304,1985-05-01,7.97,3.57488,4.51489,7.2,27.623,1.16299,8.4116,7.57883
305,1985-06-01,7.53,3.66442,4.40191,7.4,27.143,0.75567,8.91608,7.51357
306,1985-07-01,7.88,3.45821,4.19048,7.4,27.329,-0.05184,9.26467,6.76469
307,1985-08-01,7.9,3.35249,4.17457,7.1,27.755,0.15571,9.57676,7.14746
308,1985-09-01,7.92,3.24737,3.96975,7.1,28.289,0.81971,9.44573,7.02855
309,1985-10-01,7.99,3.23501,4.04896,7.1,29.538,0.50774,9.25672,7.46364
310,1985-11-01,8.05,3.51377,4.41729,7.0,30.813,0.51153,8.60875,6.91506
311,1985-12-01,8.27,3.79147,4.30712,7.0,27.228,1.4725,8.05151,7.17601
312,1986-01-01,8.14,3.97351,4.48179,6.7,22.945,2.06714,7.27577,6.96123
313,1986-02-01,7.86,3.19849,4.17827,7.2,15.442,1.06263,6.74568,6.90907
314,1986-03-01,7.48,2.15356,4.07031,7.2,12.618,0.18635,7.0535,6.53055
315,1986-04-01,6.99,1.58879,4.15129,7.1,12.847,0.51256,7.67871,6.37348
316,1986-05-01,6.85,1.6791,3.95221,7.2,15.444,0.54693,8.17326,6.07126
317,1986-06-01,6.92,1.76744,3.94134,7.2,13.469,0.21645,7.9748,5.61503
318,1986-07-01,6.56,1.67131,4.02194,7.0,11.575,1.34938,8.11278,5.91737
319,1986-08-01,6.17,1.57553,4.00729,6.9,15.092,0.84913,8.2856,5.82933
320,1986-09-01,5.89,1.75763,4.18182,7.0,14.913,0.74534,8.60609,5.3897
321,1986-10-01,5.85,1.56682,4.0724,7.0,14.852,1.51935,8.88979,5.73009
322,1986-11-01,6.04,1.2844,3.78038,6.9,15.207,1.57265,9.0201,6.09864
323,1986-12-01,6.91,1.18721,3.7702,6.6,16.076,1.53096,9.46591,5.1871
324,1987-01-01,6.43,1.36488,3.57462,6.6,18.656,0.61975,9.66388,5.95772
325,1987-02-01,6.1,1.91431,3.56506,6.6,17.726,2.6688,9.33583,6.4189
326,1987-03-01,6.13,2.84143,3.64444,6.6,18.305,3.54818,8.7087,6.39988
327,1987-04-01,6.37,3.67985,3.89725,6.3,18.643,4.09268,8.20627,6.86478
328,1987-05-01,6.85,3.66972,4.0672,6.3,19.415,4.54391,7.27716,7.30969
329,1987-06-01,6.73,3.74771,3.96825,6.2,20.034,5.51086,6.51056,7.17154
330,1987-07-01,6.58,3.92694,3.95431,6.1,21.355,5.5785,5.80218,7.2109
331,1987-08-01,6.73,4.28832,3.94046,6.0,20.274,6.54712,5.35424,7.79387
332,1987-09-01,7.22,4.27273,4.01396,5.9,19.526,6.66292,4.93665,7.63103
333,1987-10-01,7.29,4.35572,4.17391,6.0,19.848,7.64279,4.74064,7.87703
334,1987-11-01,6.69,4.52899,4.16305,5.8,18.92,7.76607,4.35346,7.8868
335,1987-12-01,6.77,4.33213,4.15225,5.7,17.241,7.32961,3.60704,9.20572
336,1988-01-01,6.83,4.12926,4.31406,5.7,17.16,7.72103,3.772,8.01342
337,1988-02-01,6.58,3.9356,4.30293,5.7,16.765,6.83288,4.47316,7.92833
338,1988-03-01,6.58,3.83244,4.37393,5.7,16.217,6.92377,4.97512,7.80267
339,1988-04-01,6.87,3.9929,4.26257,5.4,17.875,6.85617,5.16674,8.68093
340,1988-05-01,7.09,3.9823,4.24809,5.6,17.438,5.99524,5.5213,8.34341
341,1988-06-01,7.51,3.96476,4.49534,5.4,16.53,5.71158,5.90355,8.75714
342,1988-07-01,7.75,4.13005,4.48014,5.4,15.498,5.02235,6.05254,9.12928
343,1988-08-01,8.01,4.11199,4.46504,5.6,15.524,4.77123,5.87476,7.89763
344,1988-09-01,8.19,4.18483,4.61409,5.4,14.467,4.04207,5.62243,8.35559
345,1988-10-01,8.3,4.26087,4.50751,5.4,13.798,3.1086,5.34674,8.49285
346,1988-11-01,8.35,4.2461,4.57952,5.3,13.977,2.84801,5.72209,7.62847
347,1988-12-01,8.76,4.41176,4.65116,5.3,16.266,2.71721,5.7246,6.65057
348,1989-01-01,9.12,4.48276,4.63193,5.4,17.983,3.06139,5.06778,7.96374
349,1989-02-01,9.36,4.64716,4.70297,5.2,17.826,2.09169,4.24331,7.10092
350,1989-03-01,9.85,4.8927,4.68365,5.0,19.445,2.13516,3.77071,7.07838
351,1989-04-01,9.84,5.03413,4.49714,5.2,21.04,1.51484,3.27413,6.59605
352,1989-05-01,9.81,5.2766,4.56398,5.2,20.032,1.13977,2.9255,5.65063
353,1989-06-01,9.53,5.16949,4.54545,5.3,20.005,0.85661,3.04588,5.34476
354,1989-07-01,9.24,5.06329,4.53074,5.2,19.644,-0.13456,3.56949,5.41014
355,1989-08-01,8.99,4.62185,4.43548,5.2,18.522,0.34078,4.14634,5.23232
356,1989-09-01,9.02,4.43515,4.17001,5.3,19.594,0.32006,4.58588,5.1166
357,1989-10-01,8.84,4.58716,4.3131,5.3,20.091,-0.22741,5.01804,5.04171
358,1989-11-01,8.55,4.65503,4.37898,5.4,19.82,-0.14859,5.13724,5.15003
359,1989-12-01,8.45,4.6396,4.44444,5.4,21.088,-0.00966,5.49829,5.00854
360,1990-01-01,8.23,5.19802,4.42688,5.4,22.641,-0.85411,5.85286,4.81766
361,1990-02-01,8.24,5.26316,4.57053,5.3,22.108,0.49536,6.24958,5.98722
362,1990-03-01,8.28,5.23732,4.78807,5.2,20.418,0.72289,6.3473,6.15173
363,1990-04-01,8.26,4.71162,4.85133,5.4,18.582,0.53896,6.50699,6.45287
364,1990-05-01,8.18,4.3654,4.75448,5.4,18.237,1.38714,6.27573,6.92515
365,1990-06-01,8.29,4.67365,4.8913,5.2,16.871,1.72698,6.13627,7.14119
366,1990-07-01,8.15,4.81928,5.10836,5.5,18.638,2.55567,5.63819,6.94756
367,1990-08-01,8.13,5.70281,5.48263,5.7,27.174,1.92566,5.45147,6.71976
368,1990-09-01,8.2,6.16987,5.54273,5.9,33.687,2.28928,5.24171,6.82841
369,1990-10-01,8.11,6.37959,5.35988,5.9,35.922,1.77552,4.66266,5.00494
370,1990-11-01,7.81,6.19539,5.26316,6.2,32.3,0.17909,4.12664,5.11057
371,1990-12-01,7.31,6.25495,5.31915,6.3,27.337,-1.08934,3.7843,5.42779
372,1991-01-01,6.91,5.64706,5.60182,6.4,24.959,-0.89676,3.81773,4.23515
373,1991-02-01,6.25,5.3125,5.65185,6.6,20.523,-2.50808,3.94124,3.07011
374,1991-03-01,6.12,4.82115,5.24345,6.8,19.86,-3.52289,4.13153,2.46731
375,1991-04-01,5.91,4.80993,5.14925,6.7,20.823,-3.05901,4.08546,1.85585
376,1991-05-01,5.78,5.03486,5.13393,6.9,21.24,-2.36992,4.44917,2.23572
377,1991-06-01,5.9,4.69592,4.95929,6.9,20.195,-1.90802,4.30034,2.62393
378,1991-07-01,5.82,4.36782,4.78645,6.8,21.42,-1.49124,4.08125,1.58524
379,1991-08-01,5.66,3.79939,4.61201,6.9,21.688,-1.83422,3.4855,2.3549
380,1991-09-01,5.45,3.39623,4.59519,6.9,21.857,-1.02693,3.08179,2.42217
381,1991-10-01,5.21,2.84858,4.43314,7.0,23.228,-0.51671,3.09269,2.76501
382,1991-11-01,4.81,3.06657,4.49275,7.0,22.465,0.60548,3.15393,3.13415
383,1991-12-01,4.43,2.98063,4.40115,7.3,19.517,0.87247,3.06865,3.37244
384,1992-01-01,4.03,2.67261,4.01434,7.3,18.82,0.6909,2.84393,4.19298
385,1992-02-01,4.06,2.81899,3.70899,7.4,18.995,2.13955,2.89,5.46991
386,1992-03-01,3.98,3.18991,3.84342,7.4,18.916,3.57029,2.46847,5.61243
387,1992-04-01,3.73,3.18283,3.83251,7.4,20.243,4.08329,2.01957,5.52002
388,1992-05-01,3.82,3.0236,3.89243,7.6,20.94,3.38539,1.66318,5.72656
389,1992-06-01,3.76,3.01471,3.73766,7.8,22.375,2.62253,1.2381,5.02868
390,1992-07-01,3.25,3.15712,3.72453,7.7,21.759,3.2656,1.12631,5.54884
391,1992-08-01,3.3,3.07467,3.49895,7.6,21.35,2.67343,1.30551,5.79782
392,1992-09-01,3.22,2.9927,3.27755,7.6,21.902,2.14184,1.65132,4.41001
393,1992-10-01,3.1,3.27988,3.54906,7.3,21.688,2.94065,1.89578,3.55696
394,1992-11-01,3.09,3.12046,3.46741,7.4,20.342,3.48908,1.81251,3.82755
395,1992-12-01,2.92,2.96671,3.38632,7.4,19.407,4.10776,1.55685,9.66231
396,1993-01-01,3.02,3.2538,3.4459,7.3,19.075,5.07193,1.1209,3.90996
397,1993-02-01,3.03,3.24675,3.57634,7.1,20.053,4.83429,0.42647,3.70053
398,1993-03-01,3.07,3.01941,3.35846,7.0,20.347,3.86945,0.22915,3.01034
399,1993-04-01,2.96,3.15638,3.48599,7.1,20.27,3.37944,0.34121,4.34575
400,1993-05-01,3.0,3.22119,3.40599,7.1,19.94,2.6348,1.12693,4.06567
401,1993-06-01,3.04,2.99786,3.39905,7.0,19.07,2.82451,1.44398,3.22341
402,1993-07-01,3.06,2.84698,3.18428,6.9,17.866,2.15806,1.41725,3.8797
403,1993-08-01,3.03,2.84091,3.31305,6.8,18.009,2.63294,1.3799,3.87755
404,1993-09-01,3.09,2.764,3.24105,6.7,17.514,2.83498,1.22863,4.04537
405,1993-10-01,2.99,2.75229,3.0914,6.8,18.145,2.89858,0.96092,4.60806
406,1993-11-01,3.02,2.74455,3.15013,6.6,16.699,2.97263,1.27244,4.02741
407,1993-12-01,2.96,2.81096,3.14171,6.5,14.51,3.39094,1.45414,3.38323
408,1994-01-01,3.05,2.45098,2.93138,6.6,15.0,3.30782,1.63201,4.73937
409,1994-02-01,3.25,2.51572,2.78884,6.6,14.78,2.89442,1.79236,3.9151
410,1994-03-01,3.34,2.65178,2.98408,6.5,14.66,4.02337,2.00487,4.95676
411,1994-04-01,3.56,2.36439,2.70806,6.4,16.38,4.33914,2.052,4.9579
412,1994-05-01,4.01,2.28849,2.70092,6.1,17.88,5.25043,1.56827,5.01285
413,1994-06-01,4.25,2.4948,2.82709,6.1,19.07,5.68647,1.07774,5.37663
414,1994-07-01,4.26,2.69896,2.88903,6.1,19.65,5.56414,1.34224,5.28124
415,1994-08-01,4.47,2.90055,2.81414,6.0,18.38,6.36034,1.16087,4.82141
416,1994-09-01,4.73,2.96552,3.0085,5.9,17.46,6.1488,0.98198,5.90975
417,1994-10-01,4.76,2.60989,2.86832,5.8,17.71,6.21645,0.79845,7.57477
418,1994-11-01,5.29,2.60274,2.79402,5.6,18.1,6.43005,0.49278,7.25621
419,1994-12-01,5.45,2.5974,2.59235,5.5,17.16,6.86258,0.3425,1.65922
420,1995-01-01,5.53,2.87081,2.91262,5.6,17.99,6.74558,0.50361,6.40871
421,1995-02-01,5.92,2.86299,2.97158,5.4,18.53,6.52602,0.40855,6.68064
422,1995-03-01,5.98,2.78722,2.96201,5.4,18.55,5.63567,0.31608,6.45263
423,1995-04-01,6.05,3.125,3.15113,5.8,19.87,4.84394,0.51418,5.44516
424,1995-05-01,6.01,3.11864,3.0789,5.6,19.74,4.83797,0.9568,4.91915
425,1995-06-01,6.0,3.0426,3.00512,5.6,18.42,4.50071,1.99454,5.63546
426,1995-07-01,5.85,2.83019,2.99936,5.7,17.3,3.92836,2.27051,5.5275
427,1995-08-01,5.74,2.61745,2.99173,5.7,18.03,4.60433,2.96354,5.57979
428,1995-09-01,5.8,2.54521,2.98413,5.6,18.23,4.69727,3.3275,5.4792
429,1995-10-01,5.76,2.74431,3.1052,5.5,17.44,3.69943,3.70519,4.87458
430,1995-11-01,5.8,2.60347,3.03413,5.6,17.99,3.24984,3.80535,5.32813
431,1995-12-01,5.6,2.53165,3.03222,5.6,19.04,2.61148,4.10452,5.03794
432,1996-01-01,5.56,2.7907,2.95597,5.6,18.88,1.84348,4.45253,4.38995
433,1996-02-01,5.22,2.71703,2.88582,5.5,19.07,3.43846,4.92564,5.17241
434,1996-03-01,5.31,2.84392,2.81426,5.5,21.36,3.121,5.60855,5.2964
435,1996-04-01,5.22,2.83267,2.61845,5.6,23.57,4.327,5.67273,5.09319
436,1996-05-01,5.24,2.82709,2.67579,5.6,21.25,4.62155,5.26077,5.8636
437,1996-06-01,5.27,2.82152,2.66915,5.3,20.45,5.05586,4.89166,6.24743
438,1996-07-01,5.4,2.88336,2.66419,5.5,21.32,5.50324,4.75697,5.70486
439,1996-08-01,5.22,2.8123,2.5958,5.1,21.96,4.65851,4.31875,6.12013
440,1996-09-01,5.3,3.00457,2.65105,5.2,23.99,4.91385,4.20033,6.347
441,1996-10-01,5.24,3.06189,2.51998,5.2,24.9,5.06113,4.41136,6.00813
442,1996-11-01,5.31,3.25309,2.57669,5.4,23.71,5.73315,4.83991,6.3886
443,1996-12-01,5.29,3.37882,2.63642,5.4,25.39,6.03121,5.21008,6.94648
444,1997-01-01,5.25,3.03814,2.50458,5.3,25.17,6.80082,5.11801,7.31924
445,1997-02-01,5.19,3.03226,2.5,5.2,22.21,6.53895,5.03851,6.96509
446,1997-03-01,5.39,2.76527,2.43309,5.2,20.99,7.36642,4.72755,7.15915
447,1997-04-01,5.51,2.43434,2.61239,5.1,19.72,6.38713,4.84896,7.09976
448,1997-05-01,5.5,2.23785,2.54545,4.9,20.83,6.18446,4.84149,6.95281
449,1997-06-01,5.56,2.23357,2.41838,5.0,19.17,5.88958,4.92948,6.48493
450,1997-07-01,5.52,2.16561,2.414,4.9,19.63,6.77445,4.99853,6.92911
451,1997-08-01,5.54,2.29008,2.28916,4.8,19.93,7.30034,5.69979,7.16578
452,1997-09-01,5.54,2.2194,2.22222,4.9,19.79,7.60282,5.85336,6.94021
453,1997-10-01,5.5,2.08597,2.27818,4.7,21.26,8.5581,5.81796,7.6139
454,1997-11-01,5.52,1.89036,2.15311,4.6,20.17,8.46625,5.78904,8.01652
455,1997-12-01,5.5,1.69705,2.27001,4.7,18.32,8.27201,5.612,7.70427
456,1998-01-01,5.56,1.63112,2.2646,4.6,16.71,8.562,5.77896,8.10133
457,1998-02-01,5.51,1.4402,2.26056,4.6,16.06,7.47278,6.30736,7.90651
458,1998-03-01,5.49,1.37672,2.25653,4.7,15.02,6.85077,6.55496,7.71111
459,1998-04-01,5.45,1.4384,2.13144,4.3,15.44,7.14832,6.78875,7.92349
460,1998-05-01,5.49,1.68856,2.18676,4.4,14.86,7.22436,7.07601,8.23229
461,1998-06-01,5.56,1.62297,2.24321,4.5,13.66,6.08451,7.11982,8.07937
462,1998-07-01,5.54,1.74564,2.23925,4.5,14.08,4.78232,7.13321,8.10141
463,1998-08-01,5.55,1.61692,2.4735,4.5,13.36,5.88253,6.85551,8.11198
464,1998-09-01,5.51,1.4268,2.35018,4.6,14.95,4.81523,7.41235,7.95631
465,1998-10-01,5.07,1.48607,2.22743,4.5,14.39,4.62578,7.90021,7.65869
466,1998-11-01,4.83,1.48423,2.34192,4.4,12.85,3.70969,8.25944,7.32408
467,1998-12-01,4.68,1.60692,2.45327,4.4,11.28,3.68431,8.48769,7.28259
468,1999-01-01,4.63,1.66667,2.331,4.3,12.47,3.64982,8.54001,7.22011
469,1999-02-01,4.76,1.66667,2.15241,4.4,12.01,4.07106,8.22715,7.27322
470,1999-03-01,4.81,1.7284,2.03252,4.2,14.66,4.24615,7.72428,6.83698
471,1999-04-01,4.74,2.28113,2.2029,4.3,17.34,4.1061,7.74117,6.68382
472,1999-05-01,4.74,2.09102,2.08213,4.2,17.75,4.08753,7.70579,6.31957
473,1999-06-01,4.76,1.9656,1.96305,4.3,17.89,4.65687,7.72209,6.09311
474,1999-07-01,4.99,2.14461,2.07493,4.3,20.07,5.68693,7.86669,6.25478
475,1999-08-01,5.07,2.26438,1.89655,4.2,21.26,4.01698,7.63828,5.93401
476,1999-09-01,5.22,2.62997,2.06659,4.2,23.88,3.66992,7.03206,6.04217
477,1999-10-01,5.2,2.56254,2.12156,4.1,22.64,4.29345,6.5882,6.41468
478,1999-11-01,5.42,2.62035,2.0595,4.1,24.97,4.92785,6.07629,6.59602
479,1999-12-01,5.3,2.6764,1.88141,4.0,26.08,5.30315,6.00658,7.64662
480,2000-01-01,5.45,2.79296,2.10706,4.0,27.18,4.80514,5.98737,8.80429
481,2000-02-01,5.73,3.21797,2.16401,4.1,29.35,4.59091,5.74198,8.76495
482,2000-03-01,5.85,3.76214,2.44735,4.0,29.89,4.76869,6.27468,9.02364
483,2000-04-01,6.02,3.01386,2.26886,3.8,25.74,5.18239,6.84646,8.75927
484,2000-05-01,6.27,3.13253,2.3796,4.0,28.78,4.85466,5.98845,7.8837
485,2000-06-01,6.53,3.73494,2.54813,4.0,31.83,4.97647,5.87061,8.5141
486,2000-07-01,6.54,3.59928,2.48447,4.0,29.77,4.17425,5.62135,9.17489
487,2000-08-01,6.5,3.35129,2.59447,4.1,31.22,3.43225,5.83958,8.74316
488,2000-09-01,6.52,3.4565,2.53093,3.9,33.88,4.27792,6.25041,8.74922
489,2000-10-01,6.51,3.45033,2.52667,3.9,33.08,2.58994,6.04813,8.02558
490,2000-11-01,6.51,3.44418,2.63453,3.9,34.4,2.06068,5.85186,7.02034
491,2000-12-01,6.4,3.43602,2.57415,3.9,28.46,0.93041,6.18801,5.52371
492,2001-01-01,5.98,3.7212,2.56553,4.2,29.58,0.44125,6.63281,4.91481
493,2001-02-01,5.49,3.52941,2.78707,4.2,29.61,-0.60318,7.15263,4.79354
494,2001-03-01,5.31,2.98246,2.61111,4.3,27.24,-1.23137,7.6812,4.68619
495,2001-04-01,4.8,3.21826,2.66223,4.4,27.41,-2.16445,7.75896,4.03632
496,2001-05-01,4.21,3.56308,2.54566,4.3,28.64,-2.99156,7.97451,4.14216
497,2001-06-01,3.97,3.19396,2.70569,4.5,27.6,-3.59828,8.41821,3.27059
498,2001-07-01,3.77,2.72148,2.69972,4.6,26.45,-3.98882,8.64409,1.76641
499,2001-08-01,3.65,2.72148,2.63881,4.9,27.47,-3.84729,8.71199,1.39106
500,2001-09-01,3.07,2.59217,2.63302,5.0,25.88,-4.73073,10.20358,0.82621
501,2001-10-01,2.49,2.12766,2.6287,5.3,22.21,-4.6971,9.60938,0.62659
502,2001-11-01,2.09,1.89437,2.73075,5.5,19.67,-5.25251,10.25552,0.83299
503,2001-12-01,1.82,1.60367,2.78232,5.7,19.33,-4.97172,10.33096,0.97829
504,2002-01-01,1.73,1.1959,2.61011,5.7,19.67,-3.78701,9.61473,-0.37121
505,2002-02-01,1.74,1.13636,2.54881,5.7,20.74,-3.14163,9.35961,-0.90081
506,2002-03-01,1.73,1.36286,2.43638,5.7,24.42,-2.15563,8.34385,-0.75041
507,2002-04-01,1.75,1.64399,2.48514,5.9,26.27,-1.36207,6.99975,0.10459
508,2002-05-01,1.75,1.24083,2.53643,5.8,27.02,-0.38495,7.56867,0.7503
509,2002-06-01,1.75,1.06922,2.25806,5.8,25.52,1.00364,7.20982,1.38065
510,2002-07-01,1.73,1.46561,2.19957,5.8,26.94,1.58392,7.41246,1.16324
511,2002-08-01,1.74,1.74746,2.35672,5.7,28.38,1.57666,7.53074,1.58476
512,2002-09-01,1.75,1.516,2.24479,5.7,29.67,2.22687,5.75125,1.8843
513,2002-10-01,1.75,2.02703,2.18783,5.7,28.85,2.27453,6.80707,1.90662
514,2002-11-01,1.34,2.25352,2.0202,5.9,26.27,3.43235,6.87258,1.82635
515,2002-12-01,1.24,2.48027,1.96391,6.0,29.42,2.91017,6.22401,1.69492
516,2003-01-01,1.24,2.75746,1.96078,5.8,32.94,3.04285,6.42636,1.50052
517,2003-02-01,1.26,3.14607,1.79799,5.9,35.87,3.16503,6.51603,1.65604
518,2003-03-01,1.25,3.02521,1.74419,5.9,33.55,2.08419,6.664,1.76418
519,2003-04-01,1.26,2.17513,1.47601,6.0,28.25,0.95093,7.34068,1.77811
520,2003-05-01,1.26,1.89415,1.52632,6.1,28.14,0.49163,7.929,2.26618
521,2003-06-01,1.22,1.94878,1.47213,6.3,30.72,-0.19237,8.10421,2.13833
522,2003-07-01,1.01,2.05556,1.52231,6.2,30.76,0.35011,8.1158,2.83366
523,2003-08-01,1.03,2.21607,1.30822,6.1,31.59,0.24099,8.33156,3.12805
524,2003-09-01,1.01,2.37832,1.25457,6.1,28.29,0.79494,7.36917,3.40825
525,2003-10-01,1.01,2.04194,1.30548,6.0,30.33,1.18425,6.37148,4.15589
526,2003-11-01,1.0,1.92837,1.09432,5.8,31.09,1.31234,5.53855,4.81209
527,2003-12-01,0.98,2.0352,1.09318,5.7,32.15,1.94636,5.11608,4.69372
528,2004-01-01,1.0,2.02629,1.14345,5.7,34.27,1.27927,4.66699,5.03751
529,2004-02-01,1.01,1.68845,1.24675,5.6,34.74,1.7849,4.68437,4.90311
530,2004-03-01,1.0,1.74008,1.55844,5.8,36.76,1.68114,4.92544,4.83031
531,2004-04-01,1.0,2.29258,1.76623,5.6,36.69,2.7459,4.95694,5.24113
532,2004-05-01,1.0,2.89776,1.71073,5.6,40.28,3.50935,5.18182,5.6182
533,2004-06-01,1.03,3.16767,1.86528,5.6,38.02,2.58351,4.57805,5.56725
534,2004-07-01,1.26,2.93958,1.75801,5.5,40.69,2.79976,3.99821,6.28124
535,2004-08-01,1.43,2.54743,1.70455,5.4,44.94,3.13787,3.43889,6.35651
536,2004-09-01,1.61,2.53917,1.9618,5.4,45.95,2.57039,4.48722,6.17215
537,2004-10-01,1.76,3.19091,2.01031,5.5,53.13,3.34547,5.10753,5.72329
538,2004-11-01,1.93,3.62162,2.21649,5.4,48.46,2.89966,5.44891,4.86625
539,2004-12-01,2.16,3.34232,2.26571,5.4,43.33,3.61061,5.78511,5.40084
540,2005-01-01,2.28,2.84487,2.26105,5.3,46.84,3.8112,5.74438,5.65253
541,2005-02-01,2.5,3.05303,2.30888,5.4,47.97,3.93681,5.2091,5.88514
542,2005-03-01,2.63,3.20684,2.35294,5.2,54.31,4.20162,4.74464,5.53382
543,2005-04-01,2.79,3.36179,2.195,5.2,53.04,3.98468,4.27542,5.35527
544,2005-05-01,3.0,2.86929,2.19164,5.1,49.83,3.36154,3.27372,4.44267
545,2005-06-01,3.04,2.54103,2.03459,5.0,56.26,4.58376,3.75249,4.54613
546,2005-07-01,3.26,3.06716,2.08333,5.0,58.7,3.51156,4.0275,4.58895
547,2005-08-01,3.5,3.64693,2.13306,4.9,64.97,3.76378,4.11371,4.3033
548,2005-09-01,3.62,4.74183,1.92405,5.0,65.57,1.65306,4.08176,4.51685
549,2005-10-01,3.78,4.3501,2.07175,5.0,62.37,1.98208,4.16268,4.74831
550,2005-11-01,4.0,3.33855,2.118,5.0,58.3,2.86297,3.98762,5.17413
551,2005-12-01,4.16,3.33855,2.1148,4.9,59.43,2.55074,4.10701,5.17816
552,2006-01-01,4.29,4.01879,2.11055,4.7,65.51,2.3725,4.66651,6.59596
553,2006-02-01,4.49,3.63825,2.10632,4.8,61.63,1.66793,4.90922,7.24339
554,2006-03-01,4.59,3.41792,2.09895,4.7,62.9,2.05564,4.983,7.50909
555,2006-04-01,4.79,3.61384,2.2977,4.7,69.69,2.16754,5.33156,7.28008
556,2006-05-01,4.94,3.97727,2.44389,4.6,70.94,2.06204,5.15348,6.42047
557,2006-06-01,4.99,4.18172,2.64207,4.6,70.96,1.97232,5.21227,6.24536
558,2006-07-01,5.24,4.10467,2.6879,4.7,74.41,2.20603,5.33698,5.70669
559,2006-08-01,5.25,3.92657,2.83441,4.7,73.05,2.29988,5.2799,5.57483
560,2006-09-01,5.25,2.01207,2.93095,4.5,63.87,4.09885,5.14665,5.63845
561,2006-10-01,5.25,1.40633,2.77228,4.4,58.88,2.74959,5.34299,5.7237
562,2006-11-01,5.25,1.9687,2.61728,4.5,59.37,1.57106,5.61082,6.16152
563,2006-12-01,5.24,2.52398,2.61341,4.4,62.03,2.13166,5.83217,7.00871
564,2007-01-01,5.25,2.07577,2.65748,4.6,54.57,1.54596,5.72996,6.29912
565,2007-02-01,5.26,2.42026,2.71857,4.5,59.26,2.49541,5.5819,6.18908
566,2007-03-01,5.26,2.7982,2.50514,4.4,60.56,2.44886,5.85843,6.22002
567,2007-04-01,5.25,2.59292,2.41553,4.5,63.97,2.8359,6.34108,5.71229
568,2007-05-01,5.25,2.70989,2.26777,4.4,63.46,2.89477,6.44199,6.09482
569,2007-06-01,5.25,2.69277,2.18164,4.6,67.48,2.59033,6.3361,6.04116
570,2007-07-01,5.26,2.31789,2.1682,4.7,74.18,2.55161,6.13827,5.72961
571,2007-08-01,5.02,1.89745,2.08849,4.6,72.39,2.32942,6.76584,5.41094
572,2007-09-01,4.94,2.83383,2.10135,4.7,79.93,2.79433,6.60983,5.47216
573,2007-10-01,4.76,3.6107,2.15655,4.7,86.2,2.59956,6.06152,4.96662
574,2007-11-01,4.49,4.37327,2.33879,4.7,94.62,3.25044,5.88185,4.90951
575,2007-12-01,4.24,4.10881,2.43537,5.0,91.73,2.19325,5.65643,4.34295
576,2008-01-01,3.94,4.2947,2.47891,5.0,92.95,2.4528,5.56853,3.42699
577,2008-02-01,2.98,4.14296,2.29708,4.9,95.35,1.06801,6.53025,2.91261
578,2008-03-01,2.61,3.9749,2.38852,5.1,105.56,0.5084,6.94361,2.91691
579,2008-04-01,2.28,3.90376,2.29467,5.0,112.57,-0.84064,6.47048,2.52284
580,2008-05-01,1.98,4.08841,2.32222,5.4,125.39,-1.48375,6.42891,2.67666
581,2008-06-01,2.0,4.93597,2.39173,5.6,133.93,-1.73102,6.18663,2.4456
582,2008-07-01,2.01,5.49751,2.46331,5.8,133.44,-2.03657,6.38117,2.25092
583,2008-08-01,2.0,5.30802,2.49812,6.1,116.61,-3.77145,5.48537,2.64651
584,2008-09-01,1.81,4.95332,2.43862,6.1,103.9,-8.20305,6.16355,2.11765
585,2008-10-01,0.97,3.73106,2.22136,6.5,76.65,-7.02298,7.38958,2.31217
586,2008-11-01,0.39,1.09992,2.01589,6.8,57.44,-8.76968,7.71319,0.98074
587,2008-12-01,0.16,-0.02223,1.76246,7.3,41.02,-11.32772,9.64318,-1.26462
588,2009-01-01,0.15,-0.11359,1.67235,7.8,41.74,-13.4095,10.23516,-3.55121
589,2009-02-01,0.22,0.00846,1.80098,8.3,39.16,-13.5911,9.38661,-4.97805
590,2009-03-01,0.18,-0.44648,1.78761,8.7,47.98,-14.6435,9.31402,-5.86048
591,2009-04-01,0.15,-0.57632,1.93233,9.0,49.79,-14.75719,8.75026,-4.5188
592,2009-05-01,0.18,-1.01576,1.84613,9.4,59.16,-15.11965,9.33058,-4.11009
593,2009-06-01,0.21,-1.22917,1.71197,9.5,69.68,-15.19946,9.207,-4.14703
594,2009-07-01,0.16,-1.95876,1.5271,9.5,64.09,-13.85527,8.61306,-4.50224
595,2009-08-01,0.16,-1.48384,1.43397,9.6,71.06,-11.54154,8.40543,-4.77339
596,2009-09-01,0.15,-1.37794,1.47984,9.8,69.46,-6.72336,7.4394,-4.92361
597,2009-10-01,0.12,-0.22397,1.71273,10.0,75.82,-7.43853,6.35004,-4.87697
598,2009-11-01,0.12,1.91459,1.71424,9.9,78.08,-5.81828,6.05055,-3.80686
599,2009-12-01,0.12,2.81412,1.82367,9.9,74.3,-2.7409,3.70967,-2.24143
600,2010-01-01,0.11,2.62111,1.51234,9.8,78.22,0.81984,2.22875,-0.65528
601,2010-02-01,0.13,2.15134,1.34945,9.8,76.42,1.78869,2.46053,-0.00161
602,2010-03-01,0.16,2.28617,1.15921,9.9,81.24,4.15319,1.61543,1.04241
603,2010-04-01,0.2,2.20677,0.96751,9.9,84.48,5.37411,1.9384,1.2862
604,2010-05-01,0.2,2.00355,0.94014,9.6,73.84,7.89891,1.88834,1.91245
605,2010-06-01,0.18,1.12156,0.9502,9.4,75.35,8.49899,1.99633,1.89502
606,2010-07-01,0.18,1.34078,0.95775,9.4,76.37,7.65916,2.05681,2.75721
607,2010-08-01,0.19,1.15018,0.9171,9.5,76.82,6.90462,2.65364,3.03934
608,2010-09-01,0.19,1.11831,0.81439,9.5,75.31,6.30175,3.03048,3.11453
609,2010-10-01,0.19,1.1667,0.60272,9.4,81.9,5.78534,3.28529,3.18421
610,2010-11-01,0.19,1.08454,0.67206,9.8,84.14,5.41754,3.16676,2.73957
611,2010-12-01,0.18,1.43779,0.66189,9.3,89.04,6.05485,3.59934,3.36609
612,2011-01-01,0.17,1.70078,0.98353,9.1,89.42,4.69283,4.31539,4.91499
613,2011-02-01,0.16,2.1249,1.12445,9.0,89.58,3.90598,4.46082,6.04392
614,2011-03-01,0.14,2.61924,1.20979,9.0,102.94,4.25215,5.16197,5.60201
615,2011-04-01,0.1,3.07723,1.31554,9.1,110.04,3.51316,5.50309,4.42238
616,2011-05-01,0.09,3.45897,1.4541,9.0,101.33,2.26216,5.65315,3.36623
617,2011-06-01,0.09,3.50232,1.58368,9.1,96.29,2.29428,6.29574,3.89033
618,2011-07-01,0.07,3.57988,1.74148,9.0,97.19,2.42854,8.09625,4.45852
619,2011-08-01,0.1,3.755,1.96516,9.0,86.33,2.71155,9.67228,3.93447
620,2011-09-01,0.08,3.81262,1.98772,9.0,85.61,2.37588,9.51943,3.71257
621,2011-10-01,0.07,3.52227,2.10792,8.8,86.41,3.36375,9.28864,2.65395
622,2011-11-01,0.08,3.45143,2.1382,8.6,97.21,3.31074,9.60775,2.21926
623,2011-12-01,0.07,3.06207,2.27666,8.5,98.57,2.82193,9.75141,2.72578
624,2012-01-01,0.08,3.00877,2.27735,8.3,100.24,3.66869,10.3161,3.47616
625,2012-02-01,0.1,2.89818,2.15982,8.3,102.25,4.40643,10.11376,3.97777
626,2012-03-01,0.13,2.58288,2.24834,8.2,106.19,2.78714,9.91894,4.35673
627,2012-04-01,0.14,2.27316,2.31443,8.2,103.33,3.89536,9.76913,4.48983
628,2012-05-01,0.16,1.73794,2.25226,8.2,94.7,3.96299,9.39783,3.98551
629,2012-06-01,0.16,1.65387,2.19229,8.2,82.41,3.6714,9.27003,3.68281
630,2012-07-01,0.16,1.41751,2.10996,8.2,87.93,3.39503,7.89129,2.49552
631,2012-08-01,0.13,1.68593,1.93525,8.1,94.16,2.29873,6.45484,3.08201
632,2012-09-01,0.14,1.94972,2.00824,7.8,94.72,2.27961,7.05792,4.50346
633,2012-10-01,0.16,2.15568,1.99465,7.8,89.57,1.91363,7.37495,5.63374
634,2012-11-01,0.16,1.79602,1.95285,7.7,86.66,2.31175,7.54218,7.37472
635,2012-12-01,0.16,1.7595,1.89969,7.9,88.25,2.06975,8.27735,7.62193
636,2013-01-01,0.14,1.68406,1.9098,8.0,94.69,1.4399,7.66646,3.98024
637,2013-02-01,0.15,2.01814,1.98874,7.7,95.32,1.62734,7.11548,2.80349
638,2013-03-01,0.14,1.51875,1.88902,7.5,93.05,2.59024,7.31797,2.33745
639,2013-04-01,0.15,1.13881,1.71556,7.6,92.07,1.73606,7.09487,2.64258
640,2013-05-01,0.11,1.39039,1.64555,7.5,94.8,1.61387,7.04847,3.58647
641,2013-06-01,0.09,1.71579,1.6231,7.5,95.8,1.76818,6.85648,3.67709
642,2013-07-01,0.09,1.88547,1.70022,7.3,104.61,1.21752,6.75501,3.36291
643,2013-08-01,0.08,1.53881,1.78211,7.2,106.57,2.23619,6.60883,3.2948
644,2013-09-01,0.08,1.09473,1.75194,7.2,106.29,2.8555,6.27892,2.33336
645,2013-10-01,0.09,0.8768,1.68684,7.2,100.54,2.40137,6.71452,2.0405
646,2013-11-01,0.08,1.23287,1.74167,6.9,93.86,2.23461,6.1078,1.51718
647,2013-12-01,0.09,1.51284,1.74086,6.7,97.63,2.1908,5.44088,0.78057
648,2014-01-01,0.07,1.55776,1.60703,6.6,94.62,1.81652,5.71974,3.67896
649,2014-02-01,0.07,1.12047,1.55481,6.7,100.82,2.09255,6.47777,4.55075
650,2014-03-01,0.08,1.61269,1.64566,6.7,100.8,2.66369,6.16303,5.17606
651,2014-04-01,0.09,2.01513,1.82106,6.2,102.07,2.8412,6.33862,4.61325
652,2014-05-01,0.09,2.16695,1.94553,6.3,102.18,3.16255,6.56837,4.16292
653,2014-06-01,0.1,2.05898,1.92286,6.1,105.79,3.37613,6.51199,4.16678
654,2014-07-01,0.09,1.97424,1.84496,6.2,103.59,3.97247,6.60808,5.12835
655,2014-08-01,0.09,1.7151,1.7364,6.1,96.54,3.17703,6.2946,5.5472
656,2014-09-01,0.09,1.68405,1.74095,5.9,93.21,2.94699,6.10167,5.77891
657,2014-10-01,0.09,1.60954,1.81763,5.7,84.4,3.06955,5.53725,6.13342
658,2014-11-01,0.09,1.23152,1.74159,5.8,75.79,3.4487,5.79542,6.11831
659,2014-12-01,0.12,0.65312,1.62242,5.6,59.29,3.22287,5.91814,6.00701
660,2015-01-01,0.11,-0.22993,1.63163,5.7,47.22,2.81568,6.01413,5.57569
661,2015-02-01,0.11,-0.08703,1.68808,5.5,50.58,1.39645,6.29782,5.3145
662,2015-03-01,0.11,-0.02203,1.74538,5.4,47.82,0.06743,6.06596,4.91593
663,2015-04-01,0.12,-0.10403,1.80283,5.4,54.45,-0.56364,5.95635,5.36395
664,2015-05-01,0.12,0.03503,1.75094,5.6,59.27,-1.42645,5.59759,5.89959
665,2015-06-01,0.13,0.17957,1.77727,5.3,59.82,-2.05804,5.49263,5.79948
666,2015-07-01,0.13,0.22569,1.83463,5.2,50.9,-1.68461,5.40652,5.71624
667,2015-08-01,0.14,0.2413,1.85063,5.1,42.87,-1.72402,5.58094,5.33291
668,2015-09-01,0.14,0.00884,1.8971,5.0,45.48,-2.28884,5.75251,4.9475
669,2015-10-01,0.12,0.12762,1.91353,5.0,46.22,-2.73807,5.47763,4.77559
670,2015-11-01,0.12,0.43632,1.99743,5.1,42.44,-4.07329,5.8709,4.10068
671,2015-12-01,0.24,0.63872,2.07151,5.0,37.19,-4.57062,5.67136,3.84851
672,2016-01-01,0.34,1.2375,2.14502,4.8,31.68,-3.29715,6.17103,3.5463
673,2016-02-01,0.38,0.84728,2.22257,4.9,30.32,-3.192,5.746,2.99399
674,2016-03-01,0.36,0.89162,2.14243,5.0,37.55,-3.60405,6.14583,3.00959
675,2016-04-01,0.37,1.17263,2.15665,5.1,40.75,-2.75822,6.46411,2.95397
676,2016-05-01,0.37,1.07848,2.25456,4.8,46.71,-2.52497,6.73311,2.42453
677,2016-06-01,0.38,1.07929,2.26221,4.9,48.76,-1.76829,6.88084,2.60712
678,2016-07-01,0.39,0.86836,2.17014,4.8,44.65,-2.24795,6.91302,2.77397
679,2016-08-01,0.4,1.05532,2.30873,4.9,44.72,-2.13124,7.17371,2.49605
680,2016-09-01,0.4,1.54864,2.27112,5.0,45.18,-1.96734,7.17991,2.94326
681,2016-10-01,0.4,1.68592,2.20456,4.9,49.78,-1.43623,7.44949,3.03904
682,2016-11-01,0.41,1.68433,2.14542,4.7,45.66,-1.08803,7.24809,3.20739
683,2016-12-01,0.54,2.0508,2.19712,4.7,51.97,0.04967,7.01231,3.39487
684,2017-01-01,0.65,2.51039,2.25021,4.7,52.5,-0.67771,6.51724,3.69513
685,2017-02-01,0.66,2.81036,2.23535,4.6,53.47,-0.48213,6.42297,4.17945
686,2017-03-01,0.79,2.4412,2.04585,4.4,49.33,0.95182,6.43076,4.07008
687,2017-04-01,0.9,2.17622,1.89657,4.4,51.06,1.6438,6.17794,4.29821
688,2017-05-01,0.91,1.85634,1.73709,4.4,48.48,1.96457,6.02557,4.55123
689,2017-06-01,1.04,1.64057,1.69912,4.3,45.18,1.66017,5.66557,4.69219
690,2017-07-01,1.15,1.72511,1.67696,4.3,46.63,1.32005,5.65467,4.66881
691,2017-08-01,1.16,1.92812,1.65524,4.4,48.04,0.96992,5.40445,4.96305
692,2017-09-01,1.15,2.18057,1.59539,4.3,49.82,1.17025,5.24778,5.10712
693,2017-10-01,1.15,2.02076,1.75964,4.2,51.58,2.35786,5.12766,5.21
694,2017-11-01,1.16,2.17249,1.73761,4.2,56.64,2.97618,4.76303,5.66357
695,2017-12-01,1.3,2.12993,1.77017,4.1,57.88,2.50894,4.8654,5.65468
696,2018-01-01,1.41,2.15132,1.89127,4.0,63.7,2.64354,4.40799,5.58954
697,2018-02-01,1.42,2.26347,1.8777,4.1,62.23,3.34188,4.18533,5.30296
698,2018-03-01,1.51,2.33095,2.12278,4.0,62.73,3.23591,4.06018,5.40946
699,2018-04-01,1.69,2.471,2.15064,4.0,66.25,3.37766,3.744,5.24989
700,2018-05-01,1.7,2.78192,2.273,3.8,69.98,2.33126,3.74147,5.24636
701,2018-06-01,1.82,2.80755,2.24552,4.0,67.87,2.92679,4.00991,5.24863
702,2018-07-01,1.91,2.85412,2.2676,3.8,70.98,3.3123,3.78827,5.34607
703,2018-08-01,1.91,2.64292,2.12089,3.8,68.06,4.50647,3.7121,5.56992
704,2018-09-01,1.95,2.33206,2.19768,3.7,70.23,4.39314,3.5891,4.97805
705,2018-10-01,2.19,2.49203,2.12641,3.8,70.75,2.97654,3.2742,4.37276
706,2018-11-01,2.2,2.14733,2.21538,3.8,56.96,2.70118,3.16935,3.87502
707,2018-12-01,2.27,2.00238,2.24853,3.9,49.52,2.44724,3.65643,4.17073
708,2019-01-01,2.4,1.55068,2.14809,4.0,51.38,1.89787,4.05676,4.7428
709,2019-02-01,2.4,1.52006,2.09455,3.8,54.95,1.09029,4.04092,5.26424
710,2019-03-01,2.41,1.85314,2.05486,3.8,58.15,0.60765,3.90391,5.72193
711,2019-04-01,2.42,1.99179,2.08315,3.6,63.86,-1.01649,3.95562,5.22863
712,2019-05-01,2.39,1.79352,2.00626,3.7,60.83,0.09964,4.21118,4.81056
713,2019-06-01,2.38,1.64968,2.12122,3.6,54.66,-0.63728,4.62468,4.53762
714,2019-07-01,2.4,1.77976,2.17851,3.7,57.35,-1.21556,4.92891,3.92975
715,2019-08-01,2.13,1.74678,2.35914,3.7,54.81,-1.22058,5.16233,3.97568
716,2019-09-01,2.04,1.71662,2.34433,3.5,56.95,-1.524,5.55907,4.10698
717,2019-10-01,1.83,1.76918,2.32623,3.6,53.96,-2.18179,6.43567,4.86798
718,2019-11-01,1.55,2.0622,2.33003,3.6,57.03,-1.79145,7.07996,5.31433
719,2019-12-01,1.55,2.31399,2.25368,3.6,59.88,-2.02736,6.68788,4.77628
720,2020-01-01,1.55,2.50042,2.2786,3.5,57.52,-1.9032,6.72866,5.26563
721,2020-02-01,1.58,2.33932,2.381,3.5,50.54,-1.08145,6.81578,5.73957
722,2020-03-01,0.65,1.54287,2.12322,4.4,29.21,-4.88377,10.1849,2.11296
723,2020-04-01,0.05,0.3452,1.44861,14.7,16.55,-17.01813,16.928,-5.77558
724,2020-05-01,0.05,0.22641,1.24665,13.2,28.56,-15.8333,21.88758,-2.67548
725,2020-06-01,0.08,0.71602,1.17668,11.0,38.31,-10.56653,22.87052,-0.51269
726,2020-07-01,0.09,1.01414,1.53392,10.2,40.71,-6.80745,23.21725,0.47924
727,2020-08-01,0.1,1.30907,1.70243,8.4,42.34,-6.59935,23.04052,1.029
728,2020-09-01,0.09,1.37148,1.70672,7.9,39.63,-6.34428,23.79505,1.597
729,2020-10-01,0.09,1.18253,1.6215,6.9,39.4,-4.86601,23.71535,2.80302
730,2020-11-01,0.09,1.16756,1.66375,6.7,40.94,-4.87728,24.39295,3.27663
731,2020-12-01,0.09,1.32204,1.63317,6.7,47.02,-3.56239,24.84284,3.69186
732,2021-01-01,0.09,1.39478,1.40909,6.3,52.0,-2.01228,25.7801,2.20052
733,2021-02-01,0.08,1.69336,1.28852,6.2,59.04,-5.38888,26.88713,0.67902
734,2021-03-01,0.07,2.63052,1.66086,6.1,62.33,1.00894,24.17472,4.2324
735,2021-04-01,0.07,4.13055,2.95141,6.1,61.72,16.55575,18.28084,14.79116
736,2021-05-01,0.06,4.91503,3.79555,5.8,65.17,15.57199,14.4854,12.49931
737,2021-06-01,0.08,5.28161,4.40831,5.9,71.38,9.19868,12.85654,10.92923
738,2021-07-01,0.1,5.22151,4.17801,5.4,72.49,5.90956,12.78874,11.02572
739,2021-08-01,0.09,5.18829,3.94384,5.2,67.73,4.91035,13.4981,10.33142
740,2021-09-01,0.08,5.38363,4.02212,4.8,71.65,3.93323,12.86985,10.38188
741,2021-10-01,0.08,6.23775,4.5878,4.5,81.48,4.68391,12.853,9.84484
742,2021-11-01,0.08,6.86239,4.97923,4.2,79.15,4.98639,12.54309,9.74559
743,2021-12-01,0.08,7.19446,5.52269,3.9,71.71,3.6894,12.36667,9.98945
744,2022-01-01,0.08,7.59528,6.0688,4.0,83.22,2.90285,11.75538,10.05274
745,2022-02-01,0.08,7.95485,6.43453,3.8,91.64,6.93763,10.67188,11.39003
746,2022-03-01,0.2,8.51522,6.45242,3.6,108.5,4.76381,9.49894,11.27455
747,2022-04-01,0.33,8.22777,6.13819,3.6,101.78,5.29798,7.62529,9.82201
748,2022-05-01,0.77,8.50233,6.02095,3.6,109.55,4.39584,6.02536,9.03085
749,2022-06-01,1.21,8.93299,5.88492,3.6,114.84,3.74689,5.60701,8.37188
750,2022-07-01,1.68,8.41318,5.8893,3.5,101.62,3.57878,4.95166,8.81481
751,2022-08-01,2.33,8.22736,6.3005,3.7,93.67,3.50338,3.82332,9.13152
752,2022-09-01,2.56,8.21485,6.64296,3.5,84.26,4.73131,2.5637,9.07203
753,2022-10-01,3.08,7.76249,6.30176,3.7,87.55,3.18912,1.28501,8.07029
754,2022-11-01,3.78,7.13535,5.97198,3.6,84.37,1.98468,0.02623,7.43424
755,2022-12-01,4.1,6.44494,5.70386,3.5,76.44,1.14673,-1.31457,6.94998
756,2023-01-01,4.33,6.34716,5.54757,3.4,78.12,0.78956,,7.8618
